Gene,Category,Database,Frequency,Count,Percentage,Genomes
vgrG/tssI,Other,VFDB,9 (100.0%),9,100.0,GCA_001443265.1;GCA_001444225.1;GCA_001444265.1;GCA_014705785.1;GCA_014705825.1;GCA_014705885.1;GCA_016535705.2;GCA_016536425.2;GCA_016539245.2
lpxC,Colistin Resistance,VFDB,9 (100.0%),9,100.0,GCA_001443265.1;GCA_001444225.1;GCA_001444265.1;GCA_014705785.1;GCA_014705825.1;GCA_014705885.1;GCA_016535705.2;GCA_016536425.2;GCA_016539245.2
pilM,Other,VFDB,9 (100.0%),9,100.0,GCA_001443265.1;GCA_001444225.1;GCA_001444265.1;GCA_014705785.1;GCA_014705825.1;GCA_014705885.1;GCA_016535705.2;GCA_016536425.2;GCA_016539245.2
pilN,Other,VFDB,9 (100.0%),9,100.0,GCA_001443265.1;GCA_001444225.1;GCA_001444265.1;GCA_014705785.1;GCA_014705825.1;GCA_014705885.1;GCA_016535705.2;GCA_016536425.2;GCA_016539245.2
pilO,Other,VFDB,9 (100.0%),9,100.0,GCA_001443265.1;GCA_001444225.1;GCA_001444265.1;GCA_014705785.1;GCA_014705825.1;GCA_014705885.1;GCA_016535705.2;GCA_016536425.2;GCA_016539245.2
pilP,Other,VFDB,9 (100.0%),9,100.0,GCA_001443265.1;GCA_001444225.1;GCA_001444265.1;GCA_014705785.1;GCA_014705825.1;GCA_014705885.1;GCA_016535705.2;GCA_016536425.2;GCA_016539245.2
pilQ,Other,VFDB,9 (100.0%),9,100.0,GCA_001443265.1;GCA_001444225.1;GCA_001444265.1;GCA_014705785.1;GCA_014705825.1;GCA_014705885.1;GCA_016535705.2;GCA_016536425.2;GCA_016539245.2
fimU,Virulence Factors,VFDB,9 (100.0%),9,100.0,GCA_001443265.1;GCA_001444225.1;GCA_001444265.1;GCA_014705785.1;GCA_014705825.1;GCA_014705885.1;GCA_016535705.2;GCA_016536425.2;GCA_016539245.2
pilV,Other,VFDB,9 (100.0%),9,100.0,GCA_001443265.1;GCA_001444225.1;GCA_001444265.1;GCA_014705785.1;GCA_014705825.1;GCA_014705885.1;GCA_016535705.2;GCA_016536425.2;GCA_016539245.2
pilW,Other,VFDB,9 (100.0%),9,100.0,GCA_001443265.1;GCA_001444225.1;GCA_001444265.1;GCA_014705785.1;GCA_014705825.1;GCA_014705885.1;GCA_016535705.2;GCA_016536425.2;GCA_016539245.2
pilX,Other,VFDB,9 (100.0%),9,100.0,GCA_001443265.1;GCA_001444225.1;GCA_001444265.1;GCA_014705785.1;GCA_014705825.1;GCA_014705885.1;GCA_016535705.2;GCA_016536425.2;GCA_016539245.2
pilY1,Other,VFDB,9 (100.0%),9,100.0,GCA_001443265.1;GCA_001444225.1;GCA_001444265.1;GCA_014705785.1;GCA_014705825.1;GCA_014705885.1;GCA_016535705.2;GCA_016536425.2;GCA_016539245.2
ACICU_RS16840,Other,VFDB,9 (100.0%),9,100.0,GCA_001443265.1;GCA_001444225.1;GCA_001444265.1;GCA_014705785.1;GCA_014705825.1;GCA_014705885.1;GCA_016535705.2;GCA_016536425.2;GCA_016539245.2
pilE,Biofilm Formation,VFDB,9 (100.0%),9,100.0,GCA_001443265.1;GCA_001444225.1;GCA_001444265.1;GCA_014705785.1;GCA_014705825.1;GCA_014705885.1;GCA_016535705.2;GCA_016536425.2;GCA_016539245.2
plcD,Other,VFDB,9 (100.0%),9,100.0,GCA_001443265.1;GCA_001444225.1;GCA_001444265.1;GCA_014705785.1;GCA_014705825.1;GCA_014705885.1;GCA_016535705.2;GCA_016536425.2;GCA_016539245.2
fimT,Virulence Factors,VFDB,9 (100.0%),9,100.0,GCA_001443265.1;GCA_001444225.1;GCA_001444265.1;GCA_014705785.1;GCA_014705825.1;GCA_014705885.1;GCA_016535705.2;GCA_016536425.2;GCA_016539245.2
ompA,Biofilm Formation,VFDB,9 (100.0%),9,100.0,GCA_001443265.1;GCA_001444225.1;GCA_001444265.1;GCA_014705785.1;GCA_014705825.1;GCA_014705885.1;GCA_016535705.2;GCA_016536425.2;GCA_016539245.2
pilG,Other,VFDB,9 (100.0%),9,100.0,GCA_001443265.1;GCA_001444225.1;GCA_001444265.1;GCA_014705785.1;GCA_014705825.1;GCA_014705885.1;GCA_016535705.2;GCA_016536425.2;GCA_016539245.2
pilH,Other,VFDB,9 (100.0%),9,100.0,GCA_001443265.1;GCA_001444225.1;GCA_001444265.1;GCA_014705785.1;GCA_014705825.1;GCA_014705885.1;GCA_016535705.2;GCA_016536425.2;GCA_016539245.2
pilI,Other,VFDB,9 (100.0%),9,100.0,GCA_001443265.1;GCA_001444225.1;GCA_001444265.1;GCA_014705785.1;GCA_014705825.1;GCA_014705885.1;GCA_016535705.2;GCA_016536425.2;GCA_016539245.2
pilJ,Other,VFDB,9 (100.0%),9,100.0,GCA_001443265.1;GCA_001444225.1;GCA_001444265.1;GCA_014705785.1;GCA_014705825.1;GCA_014705885.1;GCA_016535705.2;GCA_016536425.2;GCA_016539245.2
lpxM,Colistin Resistance,VFDB,9 (100.0%),9,100.0,GCA_001443265.1;GCA_001444225.1;GCA_001444265.1;GCA_014705785.1;GCA_014705825.1;GCA_014705885.1;GCA_016535705.2;GCA_016536425.2;GCA_016539245.2
bauF,Other,VFDB,9 (100.0%),9,100.0,GCA_001443265.1;GCA_001444225.1;GCA_001444265.1;GCA_014705785.1;GCA_014705825.1;GCA_014705885.1;GCA_016535705.2;GCA_016536425.2;GCA_016539245.2
basA,Other,VFDB,9 (100.0%),9,100.0,GCA_001443265.1;GCA_001444225.1;GCA_001444265.1;GCA_014705785.1;GCA_014705825.1;GCA_014705885.1;GCA_016535705.2;GCA_016536425.2;GCA_016539245.2
basB,Other,VFDB,9 (100.0%),9,100.0,GCA_001443265.1;GCA_001444225.1;GCA_001444265.1;GCA_014705785.1;GCA_014705825.1;GCA_014705885.1;GCA_016535705.2;GCA_016536425.2;GCA_016539245.2
bauD,Other,VFDB,9 (100.0%),9,100.0,GCA_001443265.1;GCA_001444225.1;GCA_001444265.1;GCA_014705785.1;GCA_014705825.1;GCA_014705885.1;GCA_016535705.2;GCA_016536425.2;GCA_016539245.2
bauC,Other,VFDB,9 (100.0%),9,100.0,GCA_001443265.1;GCA_001444225.1;GCA_001444265.1;GCA_014705785.1;GCA_014705825.1;GCA_014705885.1;GCA_016535705.2;GCA_016536425.2;GCA_016539245.2
bauE,Other,VFDB,9 (100.0%),9,100.0,GCA_001443265.1;GCA_001444225.1;GCA_001444265.1;GCA_014705785.1;GCA_014705825.1;GCA_014705885.1;GCA_016535705.2;GCA_016536425.2;GCA_016539245.2
bauB,Other,VFDB,9 (100.0%),9,100.0,GCA_001443265.1;GCA_001444225.1;GCA_001444265.1;GCA_014705785.1;GCA_014705825.1;GCA_014705885.1;GCA_016535705.2;GCA_016536425.2;GCA_016539245.2
basC,Other,VFDB,9 (100.0%),9,100.0,GCA_001443265.1;GCA_001444225.1;GCA_001444265.1;GCA_014705785.1;GCA_014705825.1;GCA_014705885.1;GCA_016535705.2;GCA_016536425.2;GCA_016539245.2
basD,Other,VFDB,9 (100.0%),9,100.0,GCA_001443265.1;GCA_001444225.1;GCA_001444265.1;GCA_014705785.1;GCA_014705825.1;GCA_014705885.1;GCA_016535705.2;GCA_016536425.2;GCA_016539245.2
entE,Other,VFDB,9 (100.0%),9,100.0,GCA_001443265.1;GCA_001444225.1;GCA_001444265.1;GCA_014705785.1;GCA_014705825.1;GCA_014705885.1;GCA_016535705.2;GCA_016536425.2;GCA_016539245.2
basF,Other,VFDB,9 (100.0%),9,100.0,GCA_001443265.1;GCA_001444225.1;GCA_001444265.1;GCA_014705785.1;GCA_014705825.1;GCA_014705885.1;GCA_016535705.2;GCA_016536425.2;GCA_016539245.2
basG,Other,VFDB,9 (100.0%),9,100.0,GCA_001443265.1;GCA_001444225.1;GCA_001444265.1;GCA_014705785.1;GCA_014705825.1;GCA_014705885.1;GCA_016535705.2;GCA_016536425.2;GCA_016539245.2
barA,Other,VFDB,9 (100.0%),9,100.0,GCA_001443265.1;GCA_001444225.1;GCA_001444265.1;GCA_014705785.1;GCA_014705825.1;GCA_014705885.1;GCA_016535705.2;GCA_016536425.2;GCA_016539245.2
barB,Other,VFDB,9 (100.0%),9,100.0,GCA_001443265.1;GCA_001444225.1;GCA_001444265.1;GCA_014705785.1;GCA_014705825.1;GCA_014705885.1;GCA_016535705.2;GCA_016536425.2;GCA_016539245.2
basH,Other,VFDB,9 (100.0%),9,100.0,GCA_001443265.1;GCA_001444225.1;GCA_001444265.1;GCA_014705785.1;GCA_014705825.1;GCA_014705885.1;GCA_016535705.2;GCA_016536425.2;GCA_016539245.2
basI,Other,VFDB,9 (100.0%),9,100.0,GCA_001443265.1;GCA_001444225.1;GCA_001444265.1;GCA_014705785.1;GCA_014705825.1;GCA_014705885.1;GCA_016535705.2;GCA_016536425.2;GCA_016539245.2
basJ,Other,VFDB,9 (100.0%),9,100.0,GCA_001443265.1;GCA_001444225.1;GCA_001444265.1;GCA_014705785.1;GCA_014705825.1;GCA_014705885.1;GCA_016535705.2;GCA_016536425.2;GCA_016539245.2
adeG,Efflux Pumps,VFDB,9 (100.0%),9,100.0,GCA_001443265.1;GCA_001444225.1;GCA_001444265.1;GCA_014705785.1;GCA_014705825.1;GCA_014705885.1;GCA_016535705.2;GCA_016536425.2;GCA_016539245.2
adeF,Efflux Pumps,VFDB,9 (100.0%),9,100.0,GCA_001443265.1;GCA_001444225.1;GCA_001444265.1;GCA_014705785.1;GCA_014705825.1;GCA_014705885.1;GCA_016535705.2;GCA_016536425.2;GCA_016539245.2
gspE2,Other,VFDB,9 (100.0%),9,100.0,GCA_001443265.1;GCA_001444225.1;GCA_001444265.1;GCA_014705785.1;GCA_014705825.1;GCA_014705885.1;GCA_016535705.2;GCA_016536425.2;GCA_016539245.2
gspL,Other,VFDB,9 (100.0%),9,100.0,GCA_001443265.1;GCA_001444225.1;GCA_001444265.1;GCA_014705785.1;GCA_014705825.1;GCA_014705885.1;GCA_016535705.2;GCA_016536425.2;GCA_016539245.2
gspM,Other,VFDB,9 (100.0%),9,100.0,GCA_001443265.1;GCA_001444225.1;GCA_001444265.1;GCA_014705785.1;GCA_014705825.1;GCA_014705885.1;GCA_016535705.2;GCA_016536425.2;GCA_016539245.2
csuA/B,Biofilm Formation,VFDB,9 (100.0%),9,100.0,GCA_001443265.1;GCA_001444225.1;GCA_001444265.1;GCA_014705785.1;GCA_014705825.1;GCA_014705885.1;GCA_016535705.2;GCA_016536425.2;GCA_016539245.2
csuA,Biofilm Formation,VFDB,9 (100.0%),9,100.0,GCA_001443265.1;GCA_001444225.1;GCA_001444265.1;GCA_014705785.1;GCA_014705825.1;GCA_014705885.1;GCA_016535705.2;GCA_016536425.2;GCA_016539245.2
csuB,Biofilm Formation,VFDB,9 (100.0%),9,100.0,GCA_001443265.1;GCA_001444225.1;GCA_001444265.1;GCA_014705785.1;GCA_014705825.1;GCA_014705885.1;GCA_016535705.2;GCA_016536425.2;GCA_016539245.2
csuC,Biofilm Formation,VFDB,9 (100.0%),9,100.0,GCA_001443265.1;GCA_001444225.1;GCA_001444265.1;GCA_014705785.1;GCA_014705825.1;GCA_014705885.1;GCA_016535705.2;GCA_016536425.2;GCA_016539245.2
csuD,Biofilm Formation,VFDB,9 (100.0%),9,100.0,GCA_001443265.1;GCA_001444225.1;GCA_001444265.1;GCA_014705785.1;GCA_014705825.1;GCA_014705885.1;GCA_016535705.2;GCA_016536425.2;GCA_016539245.2
csuE,Biofilm Formation,VFDB,9 (100.0%),9,100.0,GCA_001443265.1;GCA_001444225.1;GCA_001444265.1;GCA_014705785.1;GCA_014705825.1;GCA_014705885.1;GCA_016535705.2;GCA_016536425.2;GCA_016539245.2
pgaA,Biofilm Formation,VFDB,9 (100.0%),9,100.0,GCA_001443265.1;GCA_001444225.1;GCA_001444265.1;GCA_014705785.1;GCA_014705825.1;GCA_014705885.1;GCA_016535705.2;GCA_016536425.2;GCA_016539245.2
pgaB,Biofilm Formation,VFDB,9 (100.0%),9,100.0,GCA_001443265.1;GCA_001444225.1;GCA_001444265.1;GCA_014705785.1;GCA_014705825.1;GCA_014705885.1;GCA_016535705.2;GCA_016536425.2;GCA_016539245.2
pgaC,Biofilm Formation,VFDB,9 (100.0%),9,100.0,GCA_001443265.1;GCA_001444225.1;GCA_001444265.1;GCA_014705785.1;GCA_014705825.1;GCA_014705885.1;GCA_016535705.2;GCA_016536425.2;GCA_016539245.2
pgaD,Biofilm Formation,VFDB,9 (100.0%),9,100.0,GCA_001443265.1;GCA_001444225.1;GCA_001444265.1;GCA_014705785.1;GCA_014705825.1;GCA_014705885.1;GCA_016535705.2;GCA_016536425.2;GCA_016539245.2
plc2,Other,VFDB,9 (100.0%),9,100.0,GCA_001443265.1;GCA_001444225.1;GCA_001444265.1;GCA_014705785.1;GCA_014705825.1;GCA_014705885.1;GCA_016535705.2;GCA_016536425.2;GCA_016539245.2
lpxD,Colistin Resistance,VFDB,9 (100.0%),9,100.0,GCA_001443265.1;GCA_001444225.1;GCA_001444265.1;GCA_014705785.1;GCA_014705825.1;GCA_014705885.1;GCA_016535705.2;GCA_016536425.2;GCA_016539245.2
lpxA,Colistin Resistance,VFDB,9 (100.0%),9,100.0,GCA_001443265.1;GCA_001444225.1;GCA_001444265.1;GCA_014705785.1;GCA_014705825.1;GCA_014705885.1;GCA_016535705.2;GCA_016536425.2;GCA_016539245.2
lpxB,Other,VFDB,9 (100.0%),9,100.0,GCA_001443265.1;GCA_001444225.1;GCA_001444265.1;GCA_014705785.1;GCA_014705825.1;GCA_014705885.1;GCA_016535705.2;GCA_016536425.2;GCA_016539245.2
gspK,Other,VFDB,9 (100.0%),9,100.0,GCA_001443265.1;GCA_001444225.1;GCA_001444265.1;GCA_014705785.1;GCA_014705825.1;GCA_014705885.1;GCA_016535705.2;GCA_016536425.2;GCA_016539245.2
gspI,Other,VFDB,9 (100.0%),9,100.0,GCA_001443265.1;GCA_001444225.1;GCA_001444265.1;GCA_014705785.1;GCA_014705825.1;GCA_014705885.1;GCA_016535705.2;GCA_016536425.2;GCA_016539245.2
gspH,Other,VFDB,9 (100.0%),9,100.0,GCA_001443265.1;GCA_001444225.1;GCA_001444265.1;GCA_014705785.1;GCA_014705825.1;GCA_014705885.1;GCA_016535705.2;GCA_016536425.2;GCA_016539245.2
ACICU_RS04610,Other,VFDB,9 (100.0%),9,100.0,GCA_001443265.1;GCA_001444225.1;GCA_001444265.1;GCA_014705785.1;GCA_014705825.1;GCA_014705885.1;GCA_016535705.2;GCA_016536425.2;GCA_016539245.2
ACICU_RS04565,Other,VFDB,9 (100.0%),9,100.0,GCA_001443265.1;GCA_001444225.1;GCA_001444265.1;GCA_014705785.1;GCA_014705825.1;GCA_014705885.1;GCA_016535705.2;GCA_016536425.2;GCA_016539245.2
pilT,Other,VFDB,9 (100.0%),9,100.0,GCA_001443265.1;GCA_001444225.1;GCA_001444265.1;GCA_014705785.1;GCA_014705825.1;GCA_014705885.1;GCA_016535705.2;GCA_016536425.2;GCA_016539245.2
pilU,Other,VFDB,9 (100.0%),9,100.0,GCA_001443265.1;GCA_001444225.1;GCA_001444265.1;GCA_014705785.1;GCA_014705825.1;GCA_014705885.1;GCA_016535705.2;GCA_016536425.2;GCA_016539245.2
bfmS,Biofilm Formation,VFDB,9 (100.0%),9,100.0,GCA_001443265.1;GCA_001444225.1;GCA_001444265.1;GCA_014705785.1;GCA_014705825.1;GCA_014705885.1;GCA_016535705.2;GCA_016536425.2;GCA_016539245.2
bfmR,Biofilm Formation,VFDB,9 (100.0%),9,100.0,GCA_001443265.1;GCA_001444225.1;GCA_001444265.1;GCA_014705785.1;GCA_014705825.1;GCA_014705885.1;GCA_016535705.2;GCA_016536425.2;GCA_016539245.2
gspE1,Other,VFDB,9 (100.0%),9,100.0,GCA_001443265.1;GCA_001444225.1;GCA_001444265.1;GCA_014705785.1;GCA_014705825.1;GCA_014705885.1;GCA_016535705.2;GCA_016536425.2;GCA_016539245.2
pilF,Biofilm Formation,VFDB,9 (100.0%),9,100.0,GCA_001443265.1;GCA_001444225.1;GCA_001444265.1;GCA_014705785.1;GCA_014705825.1;GCA_014705885.1;GCA_016535705.2;GCA_016536425.2;GCA_016539245.2
lpxL,Colistin Resistance,VFDB,9 (100.0%),9,100.0,GCA_001443265.1;GCA_001444225.1;GCA_001444265.1;GCA_014705785.1;GCA_014705825.1;GCA_014705885.1;GCA_016535705.2;GCA_016536425.2;GCA_016539245.2
lpsB,Other,VFDB,9 (100.0%),9,100.0,GCA_001443265.1;GCA_001444225.1;GCA_001444265.1;GCA_014705785.1;GCA_014705825.1;GCA_014705885.1;GCA_016535705.2;GCA_016536425.2;GCA_016539245.2
fimV,Virulence Factors,VFDB,9 (100.0%),9,100.0,GCA_001443265.1;GCA_001444225.1;GCA_001444265.1;GCA_014705785.1;GCA_014705825.1;GCA_014705885.1;GCA_016535705.2;GCA_016536425.2;GCA_016539245.2
gspG,Other,VFDB,9 (100.0%),9,100.0,GCA_001443265.1;GCA_001444225.1;GCA_001444265.1;GCA_014705785.1;GCA_014705825.1;GCA_014705885.1;GCA_016535705.2;GCA_016536425.2;GCA_016539245.2
gspF,Other,VFDB,9 (100.0%),9,100.0,GCA_001443265.1;GCA_001444225.1;GCA_001444265.1;GCA_014705785.1;GCA_014705825.1;GCA_014705885.1;GCA_016535705.2;GCA_016536425.2;GCA_016539245.2
pilB,Biofilm Formation,VFDB,9 (100.0%),9,100.0,GCA_001443265.1;GCA_001444225.1;GCA_001444265.1;GCA_014705785.1;GCA_014705825.1;GCA_014705885.1;GCA_016535705.2;GCA_016536425.2;GCA_016539245.2
pilC,Biofilm Formation,VFDB,9 (100.0%),9,100.0,GCA_001443265.1;GCA_001444225.1;GCA_001444265.1;GCA_014705785.1;GCA_014705825.1;GCA_014705885.1;GCA_016535705.2;GCA_016536425.2;GCA_016539245.2
gspO/pilD,Biofilm Formation,VFDB,9 (100.0%),9,100.0,GCA_001443265.1;GCA_001444225.1;GCA_001444265.1;GCA_014705785.1;GCA_014705825.1;GCA_014705885.1;GCA_016535705.2;GCA_016536425.2;GCA_016539245.2
gspD,Other,VFDB,9 (100.0%),9,100.0,GCA_001443265.1;GCA_001444225.1;GCA_001444265.1;GCA_014705785.1;GCA_014705825.1;GCA_014705885.1;GCA_016535705.2;GCA_016536425.2;GCA_016539245.2
gspC,Other,VFDB,9 (100.0%),9,100.0,GCA_001443265.1;GCA_001444225.1;GCA_001444265.1;GCA_014705785.1;GCA_014705825.1;GCA_014705885.1;GCA_016535705.2;GCA_016536425.2;GCA_016539245.2
gspN,Other,VFDB,9 (100.0%),9,100.0,GCA_001443265.1;GCA_001444225.1;GCA_001444265.1;GCA_014705785.1;GCA_014705825.1;GCA_014705885.1;GCA_016535705.2;GCA_016536425.2;GCA_016539245.2
pbpG,Other,VFDB,9 (100.0%),9,100.0,GCA_001443265.1;GCA_001444225.1;GCA_001444265.1;GCA_014705785.1;GCA_014705825.1;GCA_014705885.1;GCA_016535705.2;GCA_016536425.2;GCA_016539245.2
pilS,Other,VFDB,9 (100.0%),9,100.0,GCA_001443265.1;GCA_001444225.1;GCA_001444265.1;GCA_014705785.1;GCA_014705825.1;GCA_014705885.1;GCA_016535705.2;GCA_016536425.2;GCA_016539245.2
pilR,Other,VFDB,9 (100.0%),9,100.0,GCA_001443265.1;GCA_001444225.1;GCA_001444265.1;GCA_014705785.1;GCA_014705825.1;GCA_014705885.1;GCA_016535705.2;GCA_016536425.2;GCA_016539245.2
tsaP,Other,VFDB,9 (100.0%),9,100.0,GCA_001443265.1;GCA_001444225.1;GCA_001444265.1;GCA_014705785.1;GCA_014705825.1;GCA_014705885.1;GCA_016535705.2;GCA_016536425.2;GCA_016539245.2
abaR,Biofilm Formation,VFDB,9 (100.0%),9,100.0,GCA_001443265.1;GCA_001444225.1;GCA_001444265.1;GCA_014705785.1;GCA_014705825.1;GCA_014705885.1;GCA_016535705.2;GCA_016536425.2;GCA_016539245.2
abaI,Biofilm Formation,VFDB,9 (100.0%),9,100.0,GCA_001443265.1;GCA_001444225.1;GCA_001444265.1;GCA_014705785.1;GCA_014705825.1;GCA_014705885.1;GCA_016535705.2;GCA_016536425.2;GCA_016539245.2
ACICU_RS00500,Other,VFDB,9 (100.0%),9,100.0,GCA_001443265.1;GCA_001444225.1;GCA_001444265.1;GCA_014705785.1;GCA_014705825.1;GCA_014705885.1;GCA_016535705.2;GCA_016536425.2;GCA_016539245.2
galE,Other,VFDB,9 (100.0%),9,100.0,GCA_001443265.1;GCA_001444225.1;GCA_001444265.1;GCA_014705785.1;GCA_014705825.1;GCA_014705885.1;GCA_016535705.2;GCA_016536425.2;GCA_016539245.2
pgi,Other,VFDB,9 (100.0%),9,100.0,GCA_001443265.1;GCA_001444225.1;GCA_001444265.1;GCA_014705785.1;GCA_014705825.1;GCA_014705885.1;GCA_016535705.2;GCA_016536425.2;GCA_016539245.2
ACICU_RS00485,Other,VFDB,9 (100.0%),9,100.0,GCA_001443265.1;GCA_001444225.1;GCA_001444265.1;GCA_014705785.1;GCA_014705825.1;GCA_014705885.1;GCA_016535705.2;GCA_016536425.2;GCA_016539245.2
galU,Other,VFDB,9 (100.0%),9,100.0,GCA_001443265.1;GCA_001444225.1;GCA_001444265.1;GCA_014705785.1;GCA_014705825.1;GCA_014705885.1;GCA_016535705.2;GCA_016536425.2;GCA_016539245.2
ACICU_RS00405,Other,VFDB,9 (100.0%),9,100.0,GCA_001443265.1;GCA_001444225.1;GCA_001444265.1;GCA_014705785.1;GCA_014705825.1;GCA_014705885.1;GCA_016535705.2;GCA_016536425.2;GCA_016539245.2
ACICU_RS00400,Other,VFDB,9 (100.0%),9,100.0,GCA_001443265.1;GCA_001444225.1;GCA_001444265.1;GCA_014705785.1;GCA_014705825.1;GCA_014705885.1;GCA_016535705.2;GCA_016536425.2;GCA_016539245.2
ACICU_RS00395,Other,VFDB,9 (100.0%),9,100.0,GCA_001443265.1;GCA_001444225.1;GCA_001444265.1;GCA_014705785.1;GCA_014705825.1;GCA_014705885.1;GCA_016535705.2;GCA_016536425.2;GCA_016539245.2
plc1,Other,VFDB,9 (100.0%),9,100.0,GCA_001443265.1;GCA_001444225.1;GCA_001444265.1;GCA_014705785.1;GCA_014705825.1;GCA_014705885.1;GCA_016535705.2;GCA_016536425.2;GCA_016539245.2
adeH,Efflux Pumps,VFDB,6 (66.7%),6,66.67,GCA_014705785.1;GCA_014705825.1;GCA_014705885.1;GCA_016535705.2;GCA_016536425.2;GCA_016539245.2
tagX,Other,VFDB,6 (66.7%),6,66.67,GCA_014705785.1;GCA_014705825.1;GCA_014705885.1;GCA_016535705.2;GCA_016536425.2;GCA_016539245.2
tssL,Other,VFDB,6 (66.7%),6,66.67,GCA_014705785.1;GCA_014705825.1;GCA_014705885.1;GCA_016535705.2;GCA_016536425.2;GCA_016539245.2
tssK,Other,VFDB,6 (66.7%),6,66.67,GCA_014705785.1;GCA_014705825.1;GCA_014705885.1;GCA_016535705.2;GCA_016536425.2;GCA_016539245.2
tssA,Other,VFDB,6 (66.7%),6,66.67,GCA_014705785.1;GCA_014705825.1;GCA_014705885.1;GCA_016535705.2;GCA_016536425.2;GCA_016539245.2
clpV/tssH,Other,VFDB,6 (66.7%),6,66.67,GCA_014705785.1;GCA_014705825.1;GCA_014705885.1;GCA_016535705.2;GCA_016536425.2;GCA_016539245.2
tssM,Other,VFDB,6 (66.7%),6,66.67,GCA_014705785.1;GCA_014705825.1;GCA_014705885.1;GCA_016535705.2;GCA_016536425.2;GCA_016539245.2
tssG,Other,VFDB,6 (66.7%),6,66.67,GCA_014705785.1;GCA_014705825.1;GCA_014705885.1;GCA_016535705.2;GCA_016536425.2;GCA_016539245.2
tssF,Other,VFDB,6 (66.7%),6,66.67,GCA_014705785.1;GCA_014705825.1;GCA_014705885.1;GCA_016535705.2;GCA_016536425.2;GCA_016539245.2
tssE,Other,VFDB,6 (66.7%),6,66.67,GCA_014705785.1;GCA_014705825.1;GCA_014705885.1;GCA_016535705.2;GCA_016536425.2;GCA_016539245.2
hcp/tssD,Other,VFDB,6 (66.7%),6,66.67,GCA_014705785.1;GCA_014705825.1;GCA_014705885.1;GCA_016535705.2;GCA_016536425.2;GCA_016539245.2
tssC,Other,VFDB,6 (66.7%),6,66.67,GCA_014705785.1;GCA_014705825.1;GCA_014705885.1;GCA_016535705.2;GCA_016536425.2;GCA_016539245.2
tssB,Other,VFDB,6 (66.7%),6,66.67,GCA_014705785.1;GCA_014705825.1;GCA_014705885.1;GCA_016535705.2;GCA_016536425.2;GCA_016539245.2
bap,Biofilm Formation,VFDB,5 (55.6%),5,55.56,GCA_014705785.1;GCA_014705825.1;GCA_014705885.1;GCA_016536425.2;GCA_016539245.2
bauA,Other,VFDB,5 (55.6%),5,55.56,GCA_014705785.1;GCA_014705825.1;GCA_014705885.1;GCA_016536425.2;GCA_016539245.2
pilA,Biofilm Formation,VFDB,3 (33.3%),3,33.33,GCA_014705785.1;GCA_014705825.1;GCA_014705885.1
ACICU_RS00475,Other,VFDB,3 (33.3%),3,33.33,GCA_014705785.1;GCA_014705825.1;GCA_014705885.1
ACICU_RS00470*,Other,VFDB,3 (33.3%),3,33.33,GCA_014705785.1;GCA_014705825.1;GCA_014705885.1
ACICU_RS00465,Other,VFDB,3 (33.3%),3,33.33,GCA_014705785.1;GCA_014705825.1;GCA_014705885.1
ACICU_RS00460,Other,VFDB,3 (33.3%),3,33.33,GCA_014705785.1;GCA_014705825.1;GCA_014705885.1
ACICU_RS00455*,Other,VFDB,3 (33.3%),3,33.33,GCA_014705785.1;GCA_014705825.1;GCA_014705885.1
ACICU_RS00450,Other,VFDB,3 (33.3%),3,33.33,GCA_014705785.1;GCA_014705825.1;GCA_014705885.1
ACICU_RS00445,Other,VFDB,3 (33.3%),3,33.33,GCA_014705785.1;GCA_014705825.1;GCA_014705885.1
pseI,Other,VFDB,3 (33.3%),3,33.33,GCA_014705785.1;GCA_014705825.1;GCA_014705885.1
pseH,Other,VFDB,3 (33.3%),3,33.33,GCA_014705785.1;GCA_014705825.1;GCA_014705885.1
pseG,Other,VFDB,3 (33.3%),3,33.33,GCA_014705785.1;GCA_014705825.1;GCA_014705885.1
pseF,Other,VFDB,3 (33.3%),3,33.33,GCA_014705785.1;GCA_014705825.1;GCA_014705885.1
pseC,Other,VFDB,3 (33.3%),3,33.33,GCA_014705785.1;GCA_014705825.1;GCA_014705885.1
pseB,Other,VFDB,3 (33.3%),3,33.33,GCA_014705785.1;GCA_014705825.1;GCA_014705885.1
tviB,Other,VFDB,3 (33.3%),3,33.33,GCA_014705785.1;GCA_014705825.1;GCA_014705885.1
ACICU_RS04605,Other,VFDB,3 (33.3%),3,33.33,GCA_016535705.2;GCA_016536425.2;GCA_016539245.2
hemO,Other,VFDB,3 (33.3%),3,33.33,GCA_016535705.2;GCA_016536425.2;GCA_016539245.2
ACICU_RS04595,Other,VFDB,3 (33.3%),3,33.33,GCA_016535705.2;GCA_016536425.2;GCA_016539245.2
ACICU_RS04590,Other,VFDB,3 (33.3%),3,33.33,GCA_016535705.2;GCA_016536425.2;GCA_016539245.2
ACICU_RS04585,Other,VFDB,3 (33.3%),3,33.33,GCA_016535705.2;GCA_016536425.2;GCA_016539245.2
ACICU_RS04580,Other,VFDB,3 (33.3%),3,33.33,GCA_016535705.2;GCA_016536425.2;GCA_016539245.2
ACICU_RS04575,Other,VFDB,3 (33.3%),3,33.33,GCA_016535705.2;GCA_016536425.2;GCA_016539245.2
ACICU_RS04570,Other,VFDB,3 (33.3%),3,33.33,GCA_016535705.2;GCA_016536425.2;GCA_016539245.2
tse1,Other,VFDB,3 (33.3%),3,33.33,GCA_001443265.1;GCA_001444225.1;GCA_001444265.1
gi|259020297|gb|FJ866497.1|,Other,VICTORS,9 (100.0%),9,100.0,GCA_001443265.1;GCA_001444225.1;GCA_001444265.1;GCA_014705785.1;GCA_014705825.1;GCA_014705885.1;GCA_016535705.2;GCA_016536425.2;GCA_016539245.2
gi|259020299|gb|FJ866498.1|,Other,VICTORS,9 (100.0%),9,100.0,GCA_001443265.1;GCA_001444225.1;GCA_001444265.1;GCA_014705785.1;GCA_014705825.1;GCA_014705885.1;GCA_016535705.2;GCA_016536425.2;GCA_016539245.2
gi|259020301|gb|FJ866499.1|,Other,VICTORS,9 (100.0%),9,100.0,GCA_001443265.1;GCA_001444225.1;GCA_001444265.1;GCA_014705785.1;GCA_014705825.1;GCA_014705885.1;GCA_016535705.2;GCA_016536425.2;GCA_016539245.2
gi|56707187:1378062-1379584,Other,VICTORS,7 (77.8%),7,77.78,GCA_001443265.1;GCA_001444225.1;GCA_001444265.1;GCA_014705785.1;GCA_014705825.1;GCA_014705885.1;GCA_016536425.2
int,Other,ECOLI_VF,4 (44.4%),4,44.44,GCA_014705785.1;GCA_014705825.1;GCA_014705885.1;GCA_016535705.2
